<?xml version="1.0"?>

<Customers>
 <Customer>
    <CustomerID>ALFKI</CustomerID>
    <CompanyName>Alfreds Futterkiste</CompanyName>
    <ContactName>Maria </ContactName>
    <ContactTitle>Sales Representative</ContactTitle>
    <Address>Obere Str. 57</Address>
    <City>Boise</City>
    <PostalCode>12209</PostalCode>
    <Country>Germany</Country>
    <Phone>030-0074321</Phone>
    <Fax>030-0076545</Fax>
 </Customer>
 <Customer>
    <CustomerID>ANATR</CustomerID>
    <CompanyName>Ana Trujillo Emparedados y helados</CompanyName>
    <ContactName>Ana Trujillo</ContactName>
    <ContactTitle>Owner</ContactTitle>
    <Address>Avda. de la Constitución 2222</Address>
    <City>México D.F.</City>
    <PostalCode>05021</PostalCode>
    <Country>Mexico</Country>
    <Phone>(5) 555-4729</Phone>
    <Fax>(5) 555-3745</Fax>
 </Customer>
</Customers>
